[
    {
        "type": "rectangle",
        "width": 140,
        "height": 83,
        "text": "Советник",
        "extraLinesStroke": "#B8C6D6",
        "strokeWidth": 1,
        "fontSize": 14,
        "lineHeight": 14,
        "strokeDash": "0",
        "fill": "#29B6F6",
        "stroke": "#B0B8CD",
        "textAlign": "center",
        "textVerticalAlign": "center",
        "fontStyle": "normal",
        "fontColor": "#F2F2F2",
        "x": 690,
        "y": 130,
        "fixed": false,
        "editable": true,
        "id": "u1698743411880",
        "strokeType": "line",
        "angle": 0
    },
    {
        "type": "rectangle",
        "width": 140,
        "height": 83,
        "text": "Комплаенс\n",
        "extraLinesStroke": "#B8C6D6",
        "strokeWidth": 1,
        "fontSize": 14,
        "lineHeight": 14,
        "strokeDash": "0",
        "fill": "#29B6F6",
        "stroke": "#B0B8CD",
        "textAlign": "center",
        "textVerticalAlign": "center",
        "fontStyle": "normal",
        "fontColor": "#F2F2F2",
        "x": 1130,
        "y": 50,
        "fixed": false,
        "editable": true,
        "id": "u1698743411958",
        "strokeType": "line",
        "angle": 0
    },
    {
        "type": "rectangle",
        "width": 140,
        "height": 83,
        "text": "Директор\n",
        "extraLinesStroke": "#B8C6D6",
        "strokeWidth": 1,
        "fontSize": 14,
        "lineHeight": 14,
        "strokeDash": "0",
        "fill": "#29B6F6",
        "stroke": "#B0B8CD",
        "textAlign": "center",
        "textVerticalAlign": "center",
        "fontStyle": "normal",
        "fontColor": "#F2F2F2",
        "x": 910,
        "y": 130,
        "fixed": false,
        "editable": true,
        "id": "u1698743471251",
        "strokeType": "line",
        "angle": 0
    },
    {
        "type": "rectangle",
        "width": 140,
        "height": 90,
        "text": "\nЕдинственный участник\n\n",
        "extraLinesStroke": "#B8C6D6",
        "strokeWidth": 1,
        "fontSize": 14,
        "lineHeight": 14,
        "strokeDash": "0",
        "fill": "#29B6F6",
        "stroke": "#B0B8CD",
        "textAlign": "center",
        "textVerticalAlign": "center",
        "fontStyle": "normal",
        "fontColor": "#F2F2F2",
        "x": 910,
        "y": -10,
        "fixed": false,
        "editable": true,
        "id": "u1698743471337",
        "strokeType": "line",
        "angle": 0
    },
    {
        "id": "u1698743472989",
        "type": "line",
        "points": [
            {
                "x": 910,
                "y": 171.5
            },
            {
                "x": 830,
                "y": 171.5
            }
        ],
        "stroke": "#2196F3",
        "connectType": "elbow",
        "strokeWidth": 2,
        "cornersRadius": 0,
        "title": {
            "fontSize": 14,
            "lineHeight": 14,
            "textAlign": "center",
            "textVerticalAlign": "center",
            "fontStyle": "normal",
            "fontWeight": "normal",
            "fontColor": "#4C4C4C",
            "fill": "#FFF",
            "draggable": true,
            "editable": true,
            "hidden": false
        },
        "width": 80,
        "height": 0,
        "x": 910,
        "y": 171.5,
        "customGap": 0,
        "from": "u1698743471251",
        "to": "u1698743411880",
        "fromSide": "left",
        "toSide": "right",
        "forwardArrow": "filled"
    },
    {
        "id": "u1698743473935",
        "type": "line",
        "points": [
            {
                "x": 980,
                "y": 80
            },
            {
                "x": 980,
                "y": 130
            }
        ],
        "stroke": "#2196F3",
        "connectType": "elbow",
        "strokeWidth": 2,
        "cornersRadius": 0,
        "title": {
            "fontSize": 14,
            "lineHeight": 14,
            "textAlign": "center",
            "textVerticalAlign": "center",
            "fontStyle": "normal",
            "fontWeight": "normal",
            "fontColor": "#4C4C4C",
            "fill": "#FFF",
            "draggable": true,
            "editable": true,
            "hidden": false
        },
        "width": 0,
        "height": 50,
        "x": 980,
        "y": 80,
        "customGap": 0,
        "from": "u1698743471337",
        "to": "u1698743471251",
        "fromSide": "bottom",
        "toSide": "top",
        "forwardArrow": "filled"
    },
    {
        "type": "rectangle",
        "width": 140,
        "height": 83,
        "text": "Финансовая \nслужба \n",
        "extraLinesStroke": "#B8C6D6",
        "strokeWidth": 1,
        "fontSize": 14,
        "lineHeight": 14,
        "strokeDash": "0",
        "fill": "#29B6F6",
        "stroke": "#B0B8CD",
        "textAlign": "center",
        "textVerticalAlign": "center",
        "fontStyle": "normal",
        "fontColor": "#F2F2F2",
        "x": 720,
        "y": 280,
        "fixed": false,
        "editable": true,
        "id": "u1698743475021",
        "strokeType": "line",
        "angle": 0
    },
    {
        "type": "rectangle",
        "width": 140,
        "height": 83,
        "text": "\nЗаместитель \nдиректора \n\n",
        "extraLinesStroke": "#B8C6D6",
        "strokeWidth": 1,
        "fontSize": 14,
        "lineHeight": 14,
        "strokeDash": "0",
        "fill": "#29B6F6",
        "stroke": "#B0B8CD",
        "textAlign": "center",
        "textVerticalAlign": "center",
        "fontStyle": "normal",
        "fontColor": "#F2F2F2",
        "x": 910,
        "y": 280,
        "fixed": false,
        "editable": true,
        "id": "u1698743475147",
        "strokeType": "line",
        "angle": 0
    },
    {
        "type": "rectangle",
        "width": 140,
        "height": 83,
        "text": "\nСлужба информационных технологий \n\n",
        "extraLinesStroke": "#B8C6D6",
        "strokeWidth": 1,
        "fontSize": 14,
        "lineHeight": 14,
        "strokeDash": "0",
        "fill": "#29B6F6",
        "stroke": "#B0B8CD",
        "textAlign": "center",
        "textVerticalAlign": "center",
        "fontStyle": "normal",
        "fontColor": "#F2F2F2",
        "x": 1290,
        "y": 280,
        "fixed": false,
        "editable": true,
        "id": "u1698743475410",
        "strokeType": "line",
        "angle": 0
    },
    {
        "id": "u1698743476400",
        "type": "line",
        "points": [
            {
                "x": 980,
                "y": 321.5
            },
            {
                "x": 980,
                "y": 171.5
            }
        ],
        "stroke": "#2196F3",
        "connectType": "elbow",
        "strokeWidth": 2,
        "cornersRadius": 0,
        "title": {
            "fontSize": 14,
            "lineHeight": 14,
            "textAlign": "center",
            "textVerticalAlign": "center",
            "fontStyle": "normal",
            "fontWeight": "normal",
            "fontColor": "#4C4C4C",
            "fill": "#FFF",
            "draggable": true,
            "editable": true,
            "hidden": false
        },
        "width": 0,
        "height": 150,
        "x": 980,
        "y": 321.5,
        "customGap": 0,
        "from": "u1698743475147",
        "to": "u1698743471251",
        "fromSide": "center",
        "toSide": "center",
        "forwardArrow": "filled"
    },
    {
        "id": "u1698743489476",
        "type": "line",
        "points": [
            {
                "x": 790,
                "y": 321.5
            },
            {
                "x": 790,
                "y": 321.5
            }
        ],
        "stroke": "#2196F3",
        "connectType": "elbow",
        "strokeWidth": 2,
        "cornersRadius": 0,
        "title": {
            "fontSize": 14,
            "lineHeight": 14,
            "textAlign": "center",
            "textVerticalAlign": "center",
            "fontStyle": "normal",
            "fontWeight": "normal",
            "fontColor": "#4C4C4C",
            "fill": "#FFF",
            "draggable": true,
            "editable": true,
            "hidden": false
        },
        "width": 0,
        "height": 0,
        "x": 790,
        "y": 321.5,
        "from": "u1698743475021",
        "to": "u1698743475021",
        "fromSide": "center",
        "toSide": "center",
        "forwardArrow": "filled"
    },
    {
        "type": "rectangle",
        "width": 140,
        "height": 83,
        "text": "\nЮридическая служба \n\n",
        "extraLinesStroke": "#B8C6D6",
        "strokeWidth": 1,
        "fontSize": 14,
        "lineHeight": 14,
        "strokeDash": "0",
        "fill": "#29B6F6",
        "stroke": "#B0B8CD",
        "textAlign": "center",
        "textVerticalAlign": "center",
        "fontStyle": "normal",
        "fontColor": "#F2F2F2",
        "x": 520,
        "y": 280,
        "fixed": false,
        "editable": true,
        "id": "u1698743489668",
        "strokeType": "line",
        "angle": 0
    },
    {
        "type": "rectangle",
        "width": 140,
        "height": 83,
        "text": "\nСлужба безопасности \n\n",
        "extraLinesStroke": "#B8C6D6",
        "strokeWidth": 1,
        "fontSize": 14,
        "lineHeight": 14,
        "strokeDash": "0",
        "fill": "#29B6F6",
        "stroke": "#B0B8CD",
        "textAlign": "center",
        "textVerticalAlign": "center",
        "fontStyle": "normal",
        "fontColor": "#F2F2F2",
        "x": 1110,
        "y": 280,
        "fixed": false,
        "editable": true,
        "id": "u1698743489711",
        "strokeType": "line",
        "angle": 0
    },
    {
        "id": "u1698743491267",
        "type": "line",
        "points": [
            {
                "x": 590,
                "y": 321.5
            },
            {
                "x": 590,
                "y": 280
            }
        ],
        "stroke": "#2196F3",
        "connectType": "elbow",
        "strokeWidth": 2,
        "cornersRadius": 0,
        "title": {
            "fontSize": 14,
            "lineHeight": 14,
            "textAlign": "center",
            "textVerticalAlign": "center",
            "fontStyle": "normal",
            "fontWeight": "normal",
            "fontColor": "#4C4C4C",
            "fill": "#FFF",
            "draggable": true,
            "editable": true,
            "hidden": false
        },
        "width": 0,
        "height": 41.5,
        "x": 590,
        "y": 321.5,
        "customGap": 0,
        "from": "u1698743489668",
        "to": "u1698743489668",
        "fromSide": "center",
        "toSide": "top",
        "forwardArrow": "filled"
    },
    {
        "id": "u1698743492967",
        "type": "line",
        "points": [
            {
                "x": 720,
                "y": 321.5
            },
            {
                "x": 720,
                "y": 321.5
            }
        ],
        "stroke": "#2196F3",
        "connectType": "elbow",
        "strokeWidth": 2,
        "cornersRadius": 0,
        "title": {
            "fontSize": 14,
            "lineHeight": 14,
            "textAlign": "center",
            "textVerticalAlign": "center",
            "fontStyle": "normal",
            "fontWeight": "normal",
            "fontColor": "#4C4C4C",
            "fill": "#FFF",
            "draggable": true,
            "editable": true,
            "hidden": false
        },
        "width": 0,
        "height": 0,
        "x": 720,
        "y": 321.5,
        "from": "u1698743475021",
        "to": "u1698743475021",
        "fromSide": "left",
        "toSide": "left",
        "forwardArrow": "filled"
    },
    {
        "id": "u1698743493654",
        "type": "line",
        "points": [
            {
                "x": 980,
                "y": 213
            },
            {
                "x": 980,
                "y": 223
            },
            {
                "x": 980,
                "y": 270
            },
            {
                "x": 790,
                "y": 270
            },
            {
                "x": 790,
                "y": 280
            }
        ],
        "stroke": "#2196F3",
        "connectType": "elbow",
        "strokeWidth": 2,
        "cornersRadius": 0,
        "title": {
            "fontSize": 14,
            "lineHeight": 14,
            "textAlign": "center",
            "textVerticalAlign": "center",
            "fontStyle": "normal",
            "fontWeight": "normal",
            "fontColor": "#4C4C4C",
            "fill": "#FFF",
            "draggable": true,
            "editable": true,
            "hidden": false
        },
        "width": 190,
        "height": 67,
        "x": 980,
        "y": 213,
        "customGap": 0,
        "from": "u1698743471251",
        "to": "u1698743475021",
        "fromSide": "bottom",
        "toSide": "top",
        "forwardArrow": "filled"
    },
    {
        "id": "u1698743516081",
        "type": "line",
        "points": [
            {
                "x": 980,
                "y": 213
            },
            {
                "x": 980,
                "y": 223
            },
            {
                "x": 980,
                "y": 270
            },
            {
                "x": 590,
                "y": 270
            },
            {
                "x": 590,
                "y": 280
            }
        ],
        "stroke": "#2196F3",
        "connectType": "elbow",
        "strokeWidth": 2,
        "cornersRadius": 0,
        "title": {
            "fontSize": 14,
            "lineHeight": 14,
            "textAlign": "center",
            "textVerticalAlign": "center",
            "fontStyle": "normal",
            "fontWeight": "normal",
            "fontColor": "#4C4C4C",
            "fill": "#FFF",
            "draggable": true,
            "editable": true,
            "hidden": false
        },
        "width": 390,
        "height": 67,
        "x": 980,
        "y": 213,
        "customGap": 0,
        "from": "u1698743471251",
        "to": "u1698743489668",
        "fromSide": "bottom",
        "toSide": "top",
        "forwardArrow": "filled"
    },
    {
        "id": "u1698743532139",
        "type": "line",
        "points": [
            {
                "x": 980,
                "y": 213
            },
            {
                "x": 980,
                "y": 223
            },
            {
                "x": 980,
                "y": 270
            },
            {
                "x": 1180,
                "y": 270
            },
            {
                "x": 1180,
                "y": 280
            }
        ],
        "stroke": "#2196F3",
        "connectType": "elbow",
        "strokeWidth": 2,
        "cornersRadius": 0,
        "title": {
            "fontSize": 14,
            "lineHeight": 14,
            "textAlign": "center",
            "textVerticalAlign": "center",
            "fontStyle": "normal",
            "fontWeight": "normal",
            "fontColor": "#4C4C4C",
            "fill": "#FFF",
            "draggable": true,
            "editable": true,
            "hidden": false
        },
        "width": 200,
        "height": 67,
        "x": 980,
        "y": 213,
        "customGap": 0,
        "from": "u1698743471251",
        "to": "u1698743489711",
        "fromSide": "bottom",
        "toSide": "top",
        "forwardArrow": "filled"
    },
    {
        "id": "u1698743536447",
        "type": "line",
        "points": [
            {
                "x": 980,
                "y": 213
            },
            {
                "x": 980,
                "y": 223
            },
            {
                "x": 980,
                "y": 270
            },
            {
                "x": 1360,
                "y": 270
            },
            {
                "x": 1360,
                "y": 280
            }
        ],
        "stroke": "#2196F3",
        "connectType": "elbow",
        "strokeWidth": 2,
        "cornersRadius": 0,
        "title": {
            "fontSize": 14,
            "lineHeight": 14,
            "textAlign": "center",
            "textVerticalAlign": "center",
            "fontStyle": "normal",
            "fontWeight": "normal",
            "fontColor": "#4C4C4C",
            "fill": "#FFF",
            "draggable": true,
            "editable": true,
            "hidden": false
        },
        "width": 380,
        "height": 67,
        "x": 980,
        "y": 213,
        "customGap": 0,
        "from": "u1698743471251",
        "to": "u1698743475410",
        "fromSide": "bottom",
        "toSide": "top",
        "forwardArrow": "filled"
    },
    {
        "id": "u1698743550966",
        "type": "line",
        "points": [
            {
                "x": 910,
                "y": 321.5
            },
            {
                "x": 910,
                "y": 321.5
            }
        ],
        "stroke": "#2196F3",
        "connectType": "elbow",
        "strokeWidth": 2,
        "cornersRadius": 0,
        "title": {
            "fontSize": 14,
            "lineHeight": 14,
            "textAlign": "center",
            "textVerticalAlign": "center",
            "fontStyle": "normal",
            "fontWeight": "normal",
            "fontColor": "#4C4C4C",
            "fill": "#FFF",
            "draggable": true,
            "editable": true,
            "hidden": false
        },
        "width": 0,
        "height": 0,
        "x": 910,
        "y": 321.5,
        "from": "u1698743475147",
        "to": "u1698743475147",
        "fromSide": "left",
        "toSide": "left",
        "forwardArrow": "filled"
    },
    {
        "type": "rectangle",
        "width": 140,
        "height": 83,
        "text": "\n\nСлужба  по стратегическому планированию и    инвестиционным проектам \n\n\n",
        "extraLinesStroke": "#B8C6D6",
        "strokeWidth": 1,
        "fontSize": "12",
        "lineHeight": 14,
        "strokeDash": "0",
        "fill": "#29B6F6",
        "stroke": "#B0B8CD",
        "textAlign": "center",
        "textVerticalAlign": "center",
        "fontStyle": "normal",
        "fontColor": "#F2F2F2",
        "x": 620,
        "y": 420,
        "fixed": false,
        "editable": true,
        "id": "u1698743551148",
        "strokeType": "line",
        "angle": 0
    },
    {
        "type": "rectangle",
        "width": 140,
        "height": 83,
        "text": "\n\nСлужба контроля СВХ  \n\n\n",
        "extraLinesStroke": "#B8C6D6",
        "strokeWidth": 1,
        "fontSize": 14,
        "lineHeight": 14,
        "strokeDash": "0",
        "fill": "#29B6F6",
        "stroke": "#B0B8CD",
        "textAlign": "center",
        "textVerticalAlign": "center",
        "fontStyle": "normal",
        "fontColor": "#F2F2F2",
        "x": 820,
        "y": 420,
        "fixed": false,
        "editable": true,
        "id": "u1698743553343",
        "strokeType": "line",
        "angle": 0
    },
    {
        "type": "rectangle",
        "width": 140,
        "height": 83,
        "text": "Служба \n внутреннего администрирования \n\n",
        "extraLinesStroke": "#B8C6D6",
        "strokeWidth": 1,
        "fontSize": "12",
        "lineHeight": 14,
        "strokeDash": "0",
        "fill": "#29B6F6",
        "stroke": "#B0B8CD",
        "textAlign": "center",
        "textVerticalAlign": "center",
        "fontStyle": "normal",
        "fontColor": "#F2F2F2",
        "x": 1020,
        "y": 420,
        "fixed": false,
        "editable": true,
        "id": "u1698743553401",
        "strokeType": "line",
        "angle": 0
    },
    {
        "type": "rectangle",
        "width": 140,
        "height": 83,
        "text": "\n\nСлужба эксплуатации \n \n\n",
        "extraLinesStroke": "#B8C6D6",
        "strokeWidth": 1,
        "fontSize": 14,
        "lineHeight": 14,
        "strokeDash": "0",
        "fill": "#29B6F6",
        "stroke": "#B0B8CD",
        "textAlign": "center",
        "textVerticalAlign": "center",
        "fontStyle": "normal",
        "fontColor": "#F2F2F2",
        "x": 1220,
        "y": 420,
        "fixed": false,
        "editable": true,
        "id": "u1698743553454",
        "strokeType": "line",
        "angle": 0
    },
    {
        "id": "u1698743555758",
        "type": "line",
        "points": [
            {
                "x": 690,
                "y": 461.5
            },
            {
                "x": 690,
                "y": 461.5
            }
        ],
        "stroke": "#2196F3",
        "connectType": "elbow",
        "strokeWidth": 2,
        "cornersRadius": 0,
        "title": {
            "fontSize": 14,
            "lineHeight": 14,
            "textAlign": "center",
            "textVerticalAlign": "center",
            "fontStyle": "normal",
            "fontWeight": "normal",
            "fontColor": "#4C4C4C",
            "fill": "#FFF",
            "draggable": true,
            "editable": true,
            "hidden": false
        },
        "width": 0,
        "height": 0,
        "x": 690,
        "y": 461.5,
        "from": "u1698743551148",
        "to": "u1698743551148",
        "fromSide": "center",
        "toSide": "center",
        "forwardArrow": "filled"
    },
    {
        "id": "u1698743555982",
        "type": "line",
        "points": [
            {
                "x": 690,
                "y": 461.5
            },
            {
                "x": 690,
                "y": 461.5
            }
        ],
        "stroke": "#2196F3",
        "connectType": "elbow",
        "strokeWidth": 2,
        "cornersRadius": 0,
        "title": {
            "fontSize": 14,
            "lineHeight": 14,
            "textAlign": "center",
            "textVerticalAlign": "center",
            "fontStyle": "normal",
            "fontWeight": "normal",
            "fontColor": "#4C4C4C",
            "fill": "#FFF",
            "draggable": true,
            "editable": true,
            "hidden": false
        },
        "width": 0,
        "height": 0,
        "x": 690,
        "y": 461.5,
        "from": "u1698743551148",
        "to": "u1698743551148",
        "fromSide": "center",
        "toSide": "center",
        "forwardArrow": "filled"
    },
    {
        "id": "u1698743556337",
        "type": "line",
        "points": [
            {
                "x": 890,
                "y": 461.5
            },
            {
                "x": 890,
                "y": 461.5
            }
        ],
        "stroke": "#2196F3",
        "connectType": "elbow",
        "strokeWidth": 2,
        "cornersRadius": 0,
        "title": {
            "fontSize": 14,
            "lineHeight": 14,
            "textAlign": "center",
            "textVerticalAlign": "center",
            "fontStyle": "normal",
            "fontWeight": "normal",
            "fontColor": "#4C4C4C",
            "fill": "#FFF",
            "draggable": true,
            "editable": true,
            "hidden": false
        },
        "width": 0,
        "height": 0,
        "x": 890,
        "y": 461.5,
        "from": "u1698743553343",
        "to": "u1698743553343",
        "fromSide": "center",
        "toSide": "center",
        "forwardArrow": "filled"
    },
    {
        "id": "u1698743556660",
        "type": "line",
        "points": [
            {
                "x": 1090,
                "y": 461.5
            },
            {
                "x": 1090,
                "y": 461.5
            }
        ],
        "stroke": "#2196F3",
        "connectType": "elbow",
        "strokeWidth": 2,
        "cornersRadius": 0,
        "title": {
            "fontSize": 14,
            "lineHeight": 14,
            "textAlign": "center",
            "textVerticalAlign": "center",
            "fontStyle": "normal",
            "fontWeight": "normal",
            "fontColor": "#4C4C4C",
            "fill": "#FFF",
            "draggable": true,
            "editable": true,
            "hidden": false
        },
        "width": 0,
        "height": 0,
        "x": 1090,
        "y": 461.5,
        "from": "u1698743553401",
        "to": "u1698743553401",
        "fromSide": "center",
        "toSide": "center",
        "forwardArrow": "filled"
    },
    {
        "id": "u1698743556884",
        "type": "line",
        "points": [
            {
                "x": 1090,
                "y": 461.5
            },
            {
                "x": 1090,
                "y": 461.5
            }
        ],
        "stroke": "#2196F3",
        "connectType": "elbow",
        "strokeWidth": 2,
        "cornersRadius": 0,
        "title": {
            "fontSize": 14,
            "lineHeight": 14,
            "textAlign": "center",
            "textVerticalAlign": "center",
            "fontStyle": "normal",
            "fontWeight": "normal",
            "fontColor": "#4C4C4C",
            "fill": "#FFF",
            "draggable": true,
            "editable": true,
            "hidden": false
        },
        "width": 0,
        "height": 0,
        "x": 1090,
        "y": 461.5,
        "from": "u1698743553401",
        "to": "u1698743553401",
        "fromSide": "center",
        "toSide": "center",
        "forwardArrow": "filled"
    },
    {
        "id": "u1698743557088",
        "type": "line",
        "points": [
            {
                "x": 1090,
                "y": 461.5
            },
            {
                "x": 1090,
                "y": 461.5
            }
        ],
        "stroke": "#2196F3",
        "connectType": "elbow",
        "strokeWidth": 2,
        "cornersRadius": 0,
        "title": {
            "fontSize": 14,
            "lineHeight": 14,
            "textAlign": "center",
            "textVerticalAlign": "center",
            "fontStyle": "normal",
            "fontWeight": "normal",
            "fontColor": "#4C4C4C",
            "fill": "#FFF",
            "draggable": true,
            "editable": true,
            "hidden": false
        },
        "width": 0,
        "height": 0,
        "x": 1090,
        "y": 461.5,
        "from": "u1698743553401",
        "to": "u1698743553401",
        "fromSide": "center",
        "toSide": "center",
        "forwardArrow": "filled"
    },
    {
        "id": "u1698743557470",
        "type": "line",
        "points": [
            {
                "x": 1290,
                "y": 420
            },
            {
                "x": 1290,
                "y": 420
            }
        ],
        "stroke": "#2196F3",
        "connectType": "elbow",
        "strokeWidth": 2,
        "cornersRadius": 0,
        "title": {
            "fontSize": 14,
            "lineHeight": 14,
            "textAlign": "center",
            "textVerticalAlign": "center",
            "fontStyle": "normal",
            "fontWeight": "normal",
            "fontColor": "#4C4C4C",
            "fill": "#FFF",
            "draggable": true,
            "editable": true,
            "hidden": false
        },
        "width": 0,
        "height": 0,
        "x": 1290,
        "y": 420,
        "from": "u1698743553454",
        "to": "u1698743553454",
        "fromSide": "top",
        "toSide": "top",
        "forwardArrow": "filled"
    },
    {
        "id": "u1698743557679",
        "type": "line",
        "points": [
            {
                "x": 1290,
                "y": 461.5
            },
            {
                "x": 1290,
                "y": 461.5
            }
        ],
        "stroke": "#2196F3",
        "connectType": "elbow",
        "strokeWidth": 2,
        "cornersRadius": 0,
        "title": {
            "fontSize": 14,
            "lineHeight": 14,
            "textAlign": "center",
            "textVerticalAlign": "center",
            "fontStyle": "normal",
            "fontWeight": "normal",
            "fontColor": "#4C4C4C",
            "fill": "#FFF",
            "draggable": true,
            "editable": true,
            "hidden": false
        },
        "width": 0,
        "height": 0,
        "x": 1290,
        "y": 461.5,
        "from": "u1698743553454",
        "to": "u1698743553454",
        "fromSide": "center",
        "toSide": "center",
        "forwardArrow": "filled"
    },
    {
        "id": "u1698743558766",
        "type": "line",
        "points": [
            {
                "x": 1220,
                "y": 461.5
            },
            {
                "x": 1220,
                "y": 461.5
            }
        ],
        "stroke": "#2196F3",
        "connectType": "elbow",
        "strokeWidth": 2,
        "cornersRadius": 0,
        "title": {
            "fontSize": 14,
            "lineHeight": 14,
            "textAlign": "center",
            "textVerticalAlign": "center",
            "fontStyle": "normal",
            "fontWeight": "normal",
            "fontColor": "#4C4C4C",
            "fill": "#FFF",
            "draggable": true,
            "editable": true,
            "hidden": false
        },
        "width": 0,
        "height": 0,
        "x": 1220,
        "y": 461.5,
        "customGap": 0,
        "from": "u1698743553454",
        "to": "u1698743553454",
        "fromSide": "left",
        "toSide": "left",
        "forwardArrow": "filled"
    },
    {
        "id": "u1698743560030",
        "type": "line",
        "points": [
            {
                "x": 980,
                "y": 363
            },
            {
                "x": 980,
                "y": 373
            },
            {
                "x": 980,
                "y": 410
            },
            {
                "x": 690,
                "y": 410
            },
            {
                "x": 690,
                "y": 420
            }
        ],
        "stroke": "#2196F3",
        "connectType": "elbow",
        "strokeWidth": 2,
        "cornersRadius": 0,
        "title": {
            "fontSize": 14,
            "lineHeight": 14,
            "textAlign": "center",
            "textVerticalAlign": "center",
            "fontStyle": "normal",
            "fontWeight": "normal",
            "fontColor": "#4C4C4C",
            "fill": "#FFF",
            "draggable": true,
            "editable": true,
            "hidden": false
        },
        "width": 290,
        "height": 57,
        "x": 980,
        "y": 363,
        "customGap": 0,
        "from": "u1698743475147",
        "to": "u1698743551148",
        "fromSide": "bottom",
        "toSide": "top",
        "forwardArrow": "filled"
    },
    {
        "id": "u1698743563311",
        "type": "line",
        "points": [
            {
                "x": 980,
                "y": 363
            },
            {
                "x": 980,
                "y": 373
            },
            {
                "x": 980,
                "y": 410
            },
            {
                "x": 890,
                "y": 410
            },
            {
                "x": 890,
                "y": 420
            }
        ],
        "stroke": "#2196F3",
        "connectType": "elbow",
        "strokeWidth": 2,
        "cornersRadius": 0,
        "title": {
            "fontSize": 14,
            "lineHeight": 14,
            "textAlign": "center",
            "textVerticalAlign": "center",
            "fontStyle": "normal",
            "fontWeight": "normal",
            "fontColor": "#4C4C4C",
            "fill": "#FFF",
            "draggable": true,
            "editable": true,
            "hidden": false
        },
        "width": 90,
        "height": 57,
        "x": 980,
        "y": 363,
        "customGap": 0,
        "from": "u1698743475147",
        "to": "u1698743553343",
        "fromSide": "bottom",
        "toSide": "top",
        "forwardArrow": "filled"
    },
    {
        "id": "u1698743565225",
        "type": "line",
        "points": [
            {
                "x": 980,
                "y": 363
            },
            {
                "x": 980,
                "y": 373
            },
            {
                "x": 980,
                "y": 410
            },
            {
                "x": 1090,
                "y": 410
            },
            {
                "x": 1090,
                "y": 420
            }
        ],
        "stroke": "#2196F3",
        "connectType": "elbow",
        "strokeWidth": 2,
        "cornersRadius": 0,
        "title": {
            "fontSize": 14,
            "lineHeight": 14,
            "textAlign": "center",
            "textVerticalAlign": "center",
            "fontStyle": "normal",
            "fontWeight": "normal",
            "fontColor": "#4C4C4C",
            "fill": "#FFF",
            "draggable": true,
            "editable": true,
            "hidden": false
        },
        "width": 110,
        "height": 57,
        "x": 980,
        "y": 363,
        "customGap": 0,
        "from": "u1698743475147",
        "to": "u1698743553401",
        "fromSide": "bottom",
        "toSide": "top",
        "forwardArrow": "filled"
    },
    {
        "id": "u1698743567467",
        "type": "line",
        "points": [
            {
                "x": 980,
                "y": 363
            },
            {
                "x": 980,
                "y": 373
            },
            {
                "x": 980,
                "y": 410
            },
            {
                "x": 1290,
                "y": 410
            },
            {
                "x": 1290,
                "y": 420
            }
        ],
        "stroke": "#2196F3",
        "connectType": "elbow",
        "strokeWidth": 2,
        "cornersRadius": 0,
        "title": {
            "fontSize": 14,
            "lineHeight": 14,
            "textAlign": "center",
            "textVerticalAlign": "center",
            "fontStyle": "normal",
            "fontWeight": "normal",
            "fontColor": "#4C4C4C",
            "fill": "#FFF",
            "draggable": true,
            "editable": true,
            "hidden": false
        },
        "width": 310,
        "height": 57,
        "x": 980,
        "y": 363,
        "customGap": 0,
        "from": "u1698743475147",
        "to": "u1698743553454",
        "fromSide": "bottom",
        "toSide": "top",
        "forwardArrow": "filled"
    }
]